id,full_name,email,phone,gender,age,job_title,years_of_experience,salary,department,designation
1,Jose Lopez,joselopez0944@slingacademy.com,,male,25,Project Manager,1,8500,Product,System Engineer
2,Diane Carter,dianecarter1228@slingacademy.com,8816330107,female,26,Machine Learning Engineer,2,7000,Product,System Engineer
3,Shawn Foster,shawnfoster2695@slingacademy.com,,male,37,Project Manager,14,17000,Product,Lead
4,Brenda Fisher,brendafisher3185@slingacademy.com,15745644648,female,31,Web Developer,8,10000,Product,Senior Data Engineer
5,Sean Hunter,seanhunter4753@slingacademy.com,5838355842,male,35,Project Manager,11,14500,Product,Lead
6,Joshua Jacobs,joshuajacobs5904@slingacademy.com,539132609,male,28,Project Manager,3,10500,Product,Data Engineer
7,Brianna Marshall,briannamarshall6438@slingacademy.com,7019328553,female,33,Machine Learning Engineer,10,11000,Product,Senior Data Engineer
8,John Tate,johntate7881@slingacademy.com,,male,33,Mobile Developer,10,11000,Product,Senior Data Engineer
9,Jillian Byrd,jillianbyrd8170@slingacademy.com,,female,34,Web Developer,10,11000,Product,Senior Data Engineer
10,Melanie Sharp,melaniesharp9256@slingacademy.com,8482120230,female,41,Web Developer,15,14500,Product,Lead
11,Brandy Mckee,brandymckee10500@slingacademy.com,,female,37,Web Developer,14,14000,Product,Lead
12,Robert Simpson,robertsimpson11778@slingacademy.com,,male,36,DevOps Engineer,12,15000,Product,Lead
13,George Mckenzie,georgemckenzie12384@slingacademy.com,8434162489,male,28,Machine Learning Engineer,4,10000,Product,Data Engineer
14,Joseph Smith,josephsmith13724@slingacademy.com,13802304166,male,40,Machine Learning Engineer,14,14000,Product,Lead
15,Dana Crawford,danacrawford14310@slingacademy.com,,female,32,Project Manager,8,12000,Product,Senior Data Engineer
16,Christopher Benson,christopherbenson15937@slingacademy.com,,male,29,Web Developer,5,7500,Product,Senior Data Engineer
17,Nicole Smith,nicolesmith16360@slingacademy.com,,female,26,Designer,4,10000,Product,Data Engineer
18,Peter Jimenez,peterjimenez17791@slingacademy.com,,male,28,Mobile Developer,3,6500,Product,Data Engineer
19,Sergio Boyle,sergioboyle18425@slingacademy.com,3027626274,male,31,Tester,6,9000,Product,Senior Data Engineer
20,Brianna Moss,briannamoss19517@slingacademy.com,,female,31,Designer,5,10500,Product,Senior Data Engineer
21,Taylor Garner,taylorgarner20196@slingacademy.com,,female,32,Machine Learning Engineer,6,11000,Product,Senior Data Engineer
22,Michael Padilla,michaelpadilla21381@slingacademy.com,7874461738,male,29,Tester,5,9500,Product,Senior Data Engineer
23,Yvette Walker,yvettewalker22744@slingacademy.com,1544890248,female,26,Designer,2,7000,Product,System Engineer
24,Kristina Pena,kristinapena23750@slingacademy.com,,female,34,DevOps Engineer,11,12500,Product,Lead
25,Vanessa Reynolds,vanessareynolds24710@slingacademy.com,,female,36,Machine Learning Engineer,10,13000,Product,Senior Data Engineer
26,Robert Suarez,robertsuarez25924@slingacademy.com,,male,33,Tester,9,9500,Product,Senior Data Engineer
27,Tammy Ellis,tammyellis26570@slingacademy.com,,female,37,HR Manager,14,14000,Human Resource,Lead
28,Rodney Porter,rodneyporter27496@slingacademy.com,15081874826,male,28,DevOps Engineer,3,9500,Product,Data Engineer
29,David Reyes,davidreyes28592@slingacademy.com,,male,25,Designer,2,7000,Product,System Engineer
30,Brian Kirby,briankirby29574@slingacademy.com,,male,31,Machine Learning Engineer,8,10000,Product,Senior Data Engineer
31,Tammy Walker,tammywalker30386@slingacademy.com,,female,31,Web Developer,7,8500,Product,Senior Data Engineer
32,Angela Stewart,angelastewart31951@slingacademy.com,7451575520,female,34,HR Manager,10,10000,Human Resource,Senior Data Engineer
33,Susan Parker,susanparker32865@slingacademy.com,2555990102,female,25,DevOps Engineer,3,8500,Product,Data Engineer
34,Robert Hogan,roberthogan33599@slingacademy.com,1138662041,male,24,Tester,2,7000,Product,System Engineer
35,Dawn Pham,dawnpham34908@slingacademy.com,,female,27,Designer,4,9000,Product,Data Engineer
36,Karen Duke,karenduke35869@slingacademy.com,6222452756,female,29,DevOps Engineer,6,11000,Product,Senior Data Engineer
37,Julian Thompson,julianthompson36437@slingacademy.com,,male,28,Machine Learning Engineer,4,7000,Product,Data Engineer
38,Daisy Perry,daisyperry37789@slingacademy.com,,female,30,Tester,5,9500,Product,Senior Data Engineer
39,Sarah Smith,sarahsmith38793@slingacademy.com,,female,24,Machine Learning Engineer,2,6000,Product,System Engineer
40,Eric Randolph,ericrandolph39291@slingacademy.com,,male,29,Designer,5,8500,Product,Senior Data Engineer
41,William Keller,williamkeller40838@slingacademy.com,,male,30,Web Developer,4,8000,Product,Data Engineer
42,George Salas,georgesalas41217@slingacademy.com,,male,35,Web Developer,11,10500,Product,Lead
43,Alyssa Archer,alyssaarcher42600@slingacademy.com,,female,35,DevOps Engineer,13,15500,Product,Lead
44,Daniel Wagner,danielwagner43907@slingacademy.com,,male,35,HR Manager,11,12500,Human Resource,Lead
45,David Howard,davidhoward44518@slingacademy.com,9404754836,male,33,Machine Learning Engineer,9,11500,Product,Senior Data Engineer
46,Brett Friedman,brettfriedman45236@slingacademy.com,,male,34,HR Manager,10,10000,Human Resource,Senior Data Engineer
47,Shaun Harris,shaunharris46875@slingacademy.com,2796212475,male,23,Designer,1,6500,Product,System Engineer
48,Jason Morris,jasonmorris47229@slingacademy.com,,male,28,DevOps Engineer,5,9500,Product,Senior Data Engineer
49,Jesse Mcdaniel,jessemcdaniel48348@slingacademy.com,,male,35,Mobile Developer,11,11500,Product,Lead
50,Jessica Torres,jessicatorres49971@slingacademy.com,,female,33,HR Manager,7,9500,Human Resource,Senior Data Engineer
51,Bradley Garcia,bradleygarcia50896@slingacademy.com,2677945965,male,29,Designer,3,6500,Product,Data Engineer
52,Christopher Walker,christopherwalker51808@slingacademy.com,9547402159,male,25,Mobile Developer,1,5500,Product,System Engineer
53,Jason Boyd,jasonboyd52182@slingacademy.com,,male,39,Designer,14,15000,Product,Lead
54,Colleen Cooper,colleencooper53362@slingacademy.com,,female,32,Machine Learning Engineer,7,10500,Product,Senior Data Engineer
55,Laurie Robinson,laurierobinson54980@slingacademy.com,9896112546,female,38,Mobile Developer,15,13500,Product,Lead
56,Tiffany Novak,tiffanynovak55365@slingacademy.com,,female,35,Mobile Developer,12,12000,Product,Lead
57,Sophia Coleman,sophiacoleman56563@slingacademy.com,,female,40,Tester,15,13500,Product,Lead
58,Jodi Harris,jodiharris57145@slingacademy.com,14668050485,female,34,DevOps Engineer,9,13500,Product,Senior Data Engineer
59,Michael Calhoun,michaelcalhoun58176@slingacademy.com,19317073027,male,23,Web Developer,1,7500,Product,System Engineer
60,Aaron Tran,aarontran59178@slingacademy.com,,male,40,DevOps Engineer,15,16500,Product,Lead
61,Karen Aguirre,karenaguirre60547@slingacademy.com,,female,36,Web Developer,13,13500,Product,Lead
62,Danielle Morrison,daniellemorrison61394@slingacademy.com,,female,31,HR Manager,7,9500,Human Resource,Senior Data Engineer
63,Amanda Thomas,amandathomas62614@slingacademy.com,16294621944,female,28,Web Developer,6,9000,Product,Senior Data Engineer
64,Sarah Spencer,sarahspencer63772@slingacademy.com,250890360,female,36,Tester,14,14000,Product,Lead
65,Jessica Ho,jessicaho64531@slingacademy.com,2512891532,female,34,DevOps Engineer,10,12000,Product,Senior Data Engineer
66,Kristy Rhodes,kristyrhodes65269@slingacademy.com,,female,40,Web Developer,15,13500,Product,Lead
67,Joseph Hobbs,josephhobbs66797@slingacademy.com,,male,26,Mobile Developer,1,7500,Product,System Engineer
68,Allison Matthews,allisonmatthews67756@slingacademy.com,3943029258,female,35,Web Developer,12,12000,Product,Lead
69,James Phillips,jamesphillips68522@slingacademy.com,7339670336,male,40,Web Developer,15,14500,Product,Lead
70,Philip Thomas,philipthomas69207@slingacademy.com,,male,38,DevOps Engineer,12,15000,Product,Lead
71,Dawn Walker,dawnwalker70868@slingacademy.com,,female,31,Mobile Developer,6,10000,Product,Senior Data Engineer
72,Denise Lopez,deniselopez71911@slingacademy.com,5973281460,female,31,Designer,5,9500,Product,Senior Data Engineer
73,Gregory House,gregoryhouse72945@slingacademy.com,1541376919,male,34,HR Manager,9,9500,Human Resource,Senior Data Engineer
74,Stacie Diaz,staciediaz73929@slingacademy.com,,female,31,Machine Learning Engineer,6,11000,Product,Senior Data Engineer
75,Barbara Burns,barbaraburns74284@slingacademy.com,,female,33,Web Developer,11,10500,Product,Lead
76,Jessica Cortez,jessicacortez75317@slingacademy.com,7687946062,female,39,Tester,14,12000,Product,Lead
77,Daniel Hernandez,danielhernandez76747@slingacademy.com,16530063659,male,33,Tester,7,9500,Product,Senior Data Engineer
78,Eugene Diaz,eugenediaz77610@slingacademy.com,,male,29,Machine Learning Engineer,3,9500,Product,Data Engineer
79,Earl Nelson,earlnelson78644@slingacademy.com,16666371061,male,34,Web Developer,11,12500,Product,Lead
80,Elizabeth Jackson,elizabethjackson79562@slingacademy.com,,female,28,DevOps Engineer,3,8500,Product,Data Engineer
81,John Martinez,johnmartinez80595@slingacademy.com,11167116587,male,26,Web Developer,4,7000,Product,Data Engineer
82,Wesley Shaw,wesleyshaw81546@slingacademy.com,250878834,male,26,Mobile Developer,1,6500,Product,System Engineer
83,Michael Davila,michaeldavila82958@slingacademy.com,9179864827,male,40,DevOps Engineer,14,16000,Product,Lead
84,Heidi Hill,heidihill83123@slingacademy.com,,female,40,Tester,15,12500,Product,Lead
85,Yvonne Bass,yvonnebass84513@slingacademy.com,,female,33,Tester,8,9000,Product,Senior Data Engineer
86,Jamie Jones,jamiejones85266@slingacademy.com,10397128015,female,24,Web Developer,1,6500,Product,System Engineer
87,Brady Washington,bradywashington86649@slingacademy.com,,male,23,Designer,1,5500,Product,System Engineer
88,Michael Rivera,michaelrivera87962@slingacademy.com,2433991129,male,29,Web Developer,3,6500,Product,Data Engineer
89,Angela Morales,angelamorales88595@slingacademy.com,,female,28,Web Developer,4,9000,Product,Data Engineer
90,Larry Moore,larrymoore89266@slingacademy.com,,male,28,Web Developer,5,7500,Product,Senior Data Engineer
91,Veronica Oliver,veronicaoliver90922@slingacademy.com,,female,25,Tester,2,7000,Product,System Engineer
92,Clayton Smith,claytonsmith91214@slingacademy.com,8318062400,male,27,Mobile Developer,2,6000,Product,System Engineer
93,Tamara Randall,tamararandall92432@slingacademy.com,,female,32,Mobile Developer,10,11000,Product,Senior Data Engineer
94,Amy Vaughn,amyvaughn93722@slingacademy.com,,female,28,Designer,5,11500,Product,Senior Data Engineer
95,Larry Chapman,larrychapman94932@slingacademy.com,15397470649,male,35,Designer,12,12000,Product,Lead
96,Eugene Mcintyre,eugenemcintyre95994@slingacademy.com,4811608125,male,25,HR Manager,2,7000,Human Resource,System Engineer
97,Patricia Suarez,patriciasuarez96379@slingacademy.com,,female,41,Designer,15,16500,Product,Lead
98,Melissa Vasquez,melissavasquez97165@slingacademy.com,4908844764,female,35,DevOps Engineer,10,12000,Product,Senior Data Engineer
99,Stephanie Hodges,stephaniehodges98715@slingacademy.com,,female,38,Web Developer,14,14000,Product,Lead
100,Brian Watkins,brianwatkins99160@slingacademy.com,2648820032,male,32,Web Developer,10,11000,Product,Senior Data Engineer
101,Zachary Ellis,zacharyellis100141@slingacademy.com,,male,34,Tester,12,12000,Product,Lead
102,Mark Maxwell,markmaxwell101603@slingacademy.com,1374307223,male,28,Tester,4,9000,Product,Data Engineer
103,Jill Farmer,jillfarmer102620@slingacademy.com,571661198,female,26,DevOps Engineer,4,9000,Product,Data Engineer
104,Rhonda Park,rhondapark103796@slingacademy.com,4988786219,female,35,DevOps Engineer,12,13000,Product,Lead
105,Jessica Park,jessicapark104881@slingacademy.com,8743484705,female,26,HR Manager,1,5500,Human Resource,System Engineer
106,Keith Bender,keithbender105366@slingacademy.com,,male,35,Machine Learning Engineer,10,10000,Product,Senior Data Engineer
107,Andrew Silva,andrewsilva106948@slingacademy.com,3782883279,male,35,HR Manager,12,11000,Human Resource,Lead
108,John Escobar,johnescobar107306@slingacademy.com,,male,34,Mobile Developer,8,10000,Product,Senior Data Engineer
109,Savannah Woods,savannahwoods108924@slingacademy.com,,female,23,Web Developer,1,5500,Product,System Engineer
110,Cameron Solis,cameronsolis109983@slingacademy.com,,male,36,Machine Learning Engineer,14,14000,Product,Lead
111,Patrick Johnson,patrickjohnson110856@slingacademy.com,,male,36,Tester,12,13000,Product,Lead
112,Nathan Oconnor,nathanoconnor111395@slingacademy.com,,male,37,Mobile Developer,11,11500,Product,Lead
113,Felicia Fox,feliciafox112789@slingacademy.com,,female,38,Web Developer,12,11000,Product,Lead
114,Nicole Davis,nicoledavis113588@slingacademy.com,,female,26,Web Developer,1,5500,Product,System Engineer
115,Gregory Kirk,gregorykirk114408@slingacademy.com,,male,39,Machine Learning Engineer,13,11500,Product,Lead
116,Ashley Carrillo,ashleycarrillo115726@slingacademy.com,10975005888,female,37,Tester,12,12000,Product,Lead
117,Brandon White,brandonwhite116729@slingacademy.com,,male,31,Machine Learning Engineer,7,8500,Product,Senior Data Engineer
118,Joshua Miles,joshuamiles117429@slingacademy.com,18102310550,male,29,Web Developer,5,7500,Product,Senior Data Engineer
119,Gabriel Shannon,gabrielshannon118996@slingacademy.com,,male,33,DevOps Engineer,11,13500,Product,Lead
120,Charles Chan,charleschan119980@slingacademy.com,775704283,male,26,Machine Learning Engineer,2,7000,Product,System Engineer
121,Stephanie Hill,stephaniehill120240@slingacademy.com,,female,38,DevOps Engineer,15,15500,Product,Lead
122,Brian Kelly,briankelly121771@slingacademy.com,,male,38,DevOps Engineer,12,15000,Product,Lead
123,Susan Lopez,susanlopez122522@slingacademy.com,5734727131,female,30,Machine Learning Engineer,8,9000,Product,Senior Data Engineer
124,Logan Edwards,loganedwards123515@slingacademy.com,5365884331,male,36,Designer,14,16000,Product,Lead
125,Ryan Young,ryanyoung124775@slingacademy.com,,male,36,DevOps Engineer,13,15500,Product,Lead
126,Rebecca Crawford,rebeccacrawford125111@slingacademy.com,,female,37,Web Developer,13,11500,Product,Lead
127,Leslie Sullivan,lesliesullivan126504@slingacademy.com,,female,40,Tester,15,12500,Product,Lead
128,Andrew Carey,andrewcarey127127@slingacademy.com,4267904671,male,24,DevOps Engineer,1,9500,Product,System Engineer
129,Richard Sawyer,richardsawyer128529@slingacademy.com,4854413528,male,30,Mobile Developer,8,11000,Product,Senior Data Engineer
130,Garrett Nguyen,garrettnguyen129713@slingacademy.com,,male,36,Machine Learning Engineer,13,11500,Product,Lead
131,Cody Zuniga,codyzuniga130555@slingacademy.com,,male,35,DevOps Engineer,13,15500,Product,Lead
132,James Johnson,jamesjohnson131504@slingacademy.com,3584003210,male,31,Tester,9,9500,Product,Senior Data Engineer
133,Jamie Ruiz,jamieruiz132870@slingacademy.com,,female,27,Tester,4,7000,Product,Data Engineer
134,Brandi Evans,brandievans133450@slingacademy.com,,female,29,Tester,5,8500,Product,Senior Data Engineer
135,Jennifer Obrien,jenniferobrien134415@slingacademy.com,15767012547,female,40,Mobile Developer,14,12000,Product,Lead
136,Whitney Espinoza,whitneyespinoza135280@slingacademy.com,,female,29,Machine Learning Engineer,7,11500,Product,Senior Data Engineer
137,Brandon Rosario,brandonrosario136801@slingacademy.com,5804460236,male,26,Mobile Developer,4,8000,Product,Data Engineer
138,Jennifer Rhodes,jenniferrhodes137946@slingacademy.com,,female,29,Web Developer,4,8000,Product,Data Engineer
139,Jordan Michael,jordanmichael138385@slingacademy.com,3721509511,female,27,Mobile Developer,3,7500,Product,Data Engineer
140,James Knight,jamesknight139390@slingacademy.com,,male,26,Web Developer,3,8500,Product,Data Engineer
141,Michelle Ramirez,michelleramirez140449@slingacademy.com,,female,27,Machine Learning Engineer,3,8500,Product,Data Engineer
142,Peter Mercado,petermercado141760@slingacademy.com,,male,33,Mobile Developer,11,12500,Product,Lead
143,Jason George,jasongeorge142858@slingacademy.com,14311256069,male,25,Machine Learning Engineer,2,9000,Product,System Engineer
144,John Arroyo,johnarroyo143863@slingacademy.com,6849186207,male,31,Machine Learning Engineer,5,7500,Product,Senior Data Engineer
145,Ashley Mccann,ashleymccann144440@slingacademy.com,,female,32,Web Developer,8,11000,Product,Senior Data Engineer
146,John Robinson,johnrobinson145915@slingacademy.com,2002214696,male,31,DevOps Engineer,8,12000,Product,Senior Data Engineer
147,Michael Clark,michaelclark146199@slingacademy.com,,male,32,Web Developer,6,8000,Product,Senior Data Engineer
148,Julia Howe,juliahowe147145@slingacademy.com,,female,33,Web Developer,8,9000,Product,Senior Data Engineer
149,John Roy,johnroy148826@slingacademy.com,,male,31,DevOps Engineer,9,11500,Product,Senior Data Engineer
150,Paul Nguyen,paulnguyen149760@slingacademy.com,,male,39,Mobile Developer,14,12000,Product,Lead
151,Chelsea Lewis,chelsealewis150888@slingacademy.com,,female,32,DevOps Engineer,10,13000,Product,Senior Data Engineer
152,Austin Bell,austinbell151766@slingacademy.com,,male,40,DevOps Engineer,15,16500,Product,Lead
153,Paul Allen,paulallen152619@slingacademy.com,2104766565,male,28,Mobile Developer,2,8000,Product,System Engineer
154,Gary Oliver,garyoliver153551@slingacademy.com,13074138100,male,29,Mobile Developer,4,7000,Product,Data Engineer
155,Diana Bowers,dianabowers154842@slingacademy.com,4724612314,female,29,Web Developer,3,7500,Product,Data Engineer
156,Cody Peters,codypeters155367@slingacademy.com,,male,39,Mobile Developer,15,13500,Product,Lead
157,Cameron Gonzalez,camerongonzalez156781@slingacademy.com,16716569205,male,35,DevOps Engineer,13,14500,Product,Lead
158,Shelia Benson,sheliabenson157744@slingacademy.com,,female,26,Mobile Developer,3,6500,Product,Data Engineer
159,Jacqueline Brooks,jacquelinebrooks158463@slingacademy.com,8037169920,female,33,DevOps Engineer,10,14000,Product,Senior Data Engineer
160,William Turner,williamturner159974@slingacademy.com,6117770181,male,33,Web Developer,11,12500,Product,Lead
161,Lisa Logan,lisalogan160552@slingacademy.com,,female,37,Web Developer,15,12500,Product,Lead
162,Jeffery Jones,jefferyjones161216@slingacademy.com,,male,37,Mobile Developer,12,12000,Product,Lead
163,Scott Li,scottli162771@slingacademy.com,,male,30,Mobile Developer,5,8500,Product,Senior Data Engineer
164,Chad Roberson,chadroberson163525@slingacademy.com,15899324079,male,34,Mobile Developer,8,11000,Product,Senior Data Engineer
165,Ariana Hernandez,arianahernandez164467@slingacademy.com,5025525808,female,28,Web Developer,6,8000,Product,Senior Data Engineer
166,Wanda Forbes,wandaforbes165141@slingacademy.com,,female,29,Mobile Developer,7,10500,Product,Senior Data Engineer
167,Edwin Cortez,edwincortez166250@slingacademy.com,,male,33,Web Developer,9,9500,Product,Senior Data Engineer
168,Sharon Smith,sharonsmith167760@slingacademy.com,,female,34,DevOps Engineer,8,11000,Product,Senior Data Engineer
169,Sherry Oliver,sherryoliver168772@slingacademy.com,1047026330,female,33,DevOps Engineer,7,11500,Product,Senior Data Engineer
170,Eric Moses,ericmoses169891@slingacademy.com,,male,36,Web Developer,12,12000,Product,Lead
171,James Ruiz,jamesruiz170534@slingacademy.com,,male,27,Mobile Developer,3,8500,Product,Data Engineer
172,Julie Barber,juliebarber171592@slingacademy.com,,female,27,DevOps Engineer,1,7500,Product,System Engineer
173,Becky Mcpherson,beckymcpherson172514@slingacademy.com,,female,28,Web Developer,5,7500,Product,Senior Data Engineer
174,Nicole Aguilar,nicoleaguilar173929@slingacademy.com,,female,26,Web Developer,1,7500,Product,System Engineer
175,Melissa Lee,melissalee174832@slingacademy.com,2621074732,female,32,Mobile Developer,9,9500,Product,Senior Data Engineer
176,Ariana Cochran,arianacochran175831@slingacademy.com,12488247621,female,36,Web Developer,10,12000,Product,Senior Data Engineer
177,Lisa Carpenter,lisacarpenter176388@slingacademy.com,9008123667,female,32,Mobile Developer,9,9500,Product,Senior Data Engineer
178,Julie Wilson,juliewilson177313@slingacademy.com,,female,28,Mobile Developer,4,7000,Product,Data Engineer
179,Martin Crawford,martincrawford178513@slingacademy.com,,male,23,Mobile Developer,1,5500,Product,System Engineer
180,Daniel Peterson,danielpeterson179804@slingacademy.com,,male,27,DevOps Engineer,5,10500,Product,Senior Data Engineer
181,Eric Lambert,ericlambert180283@slingacademy.com,7108385229,male,36,Mobile Developer,10,10000,Product,Senior Data Engineer
182,Marcia Huerta,marciahuerta181175@slingacademy.com,,female,32,Web Developer,6,8000,Product,Senior Data Engineer
183,Jason Ortiz,jasonortiz182754@slingacademy.com,,male,33,Mobile Developer,9,9500,Product,Senior Data Engineer
184,Keith Thomas,keiththomas183439@slingacademy.com,,male,28,Mobile Developer,5,9500,Product,Senior Data Engineer
185,Sarah Freeman,sarahfreeman184758@slingacademy.com,,female,32,DevOps Engineer,9,13500,Product,Senior Data Engineer
186,Michael Galvan,michaelgalvan185989@slingacademy.com,11222842113,male,28,Web Developer,2,8000,Product,System Engineer
187,Michael Warner,michaelwarner186194@slingacademy.com,7902874075,male,29,Mobile Developer,5,7500,Product,Senior Data Engineer
188,Larry Thompson,larrythompson187420@slingacademy.com,,male,39,Web Developer,14,12000,Product,Lead
189,James Miller,jamesmiller188412@slingacademy.com,,male,37,Mobile Developer,15,13500,Product,Lead
190,James Steele,jamessteele189191@slingacademy.com,,male,35,Web Developer,10,10000,Product,Senior Data Engineer
191,Joseph Beck,josephbeck190237@slingacademy.com,,male,35,Mobile Developer,11,12500,Product,Lead
192,Wayne Cohen,waynecohen191993@slingacademy.com,,male,31,Web Developer,8,11000,Product,Senior Data Engineer
193,Bailey Reilly,baileyreilly192786@slingacademy.com,,female,26,Mobile Developer,1,5500,Product,System Engineer
194,Yolanda Smith,yolandasmith193826@slingacademy.com,,female,30,Mobile Developer,7,10500,Product,Senior Data Engineer
195,Kathleen Leblanc,kathleenleblanc194890@slingacademy.com,,female,29,Web Developer,4,9000,Product,Data Engineer
196,Christina Garza,christinagarza195263@slingacademy.com,2739873115,female,27,DevOps Engineer,4,9000,Product,Data Engineer
197,Jennifer Jarvis,jenniferjarvis196139@slingacademy.com,,female,28,Mobile Developer,6,9000,Product,Senior Data Engineer
198,Jesse Smith,jessesmith197279@slingacademy.com,,male,37,Web Developer,11,12500,Product,Lead
199,Melissa Richardson,melissarichardson198110@slingacademy.com,,female,29,Mobile Developer,5,9500,Product,Senior Data Engineer
200,Michele Stewart,michelestewart199951@slingacademy.com,9440421529,female,29,DevOps Engineer,7,12500,Product,Senior Data Engineer
201,Jeremy Gilbert,jeremygilbert200282@slingacademy.com,,male,29,Mobile Developer,4,9000,Product,Data Engineer
202,Kevin Valentine,kevinvalentine201488@slingacademy.com,,male,33,Web Developer,10,11000,Product,Senior Data Engineer
203,Suzanne Hurst,suzannehurst202425@slingacademy.com,2176055492,female,26,Mobile Developer,3,7500,Product,Data Engineer
204,Janet Stephens,janetstephens203449@slingacademy.com,6967533875,female,36,Web Developer,14,12000,Product,Lead
205,Michael Hoover,michaelhoover204983@slingacademy.com,,male,38,DevOps Engineer,13,15500,Product,Lead
206,Terry Jones,terryjones205228@slingacademy.com,,male,34,Web Developer,10,12000,Product,Senior Data Engineer
207,Breanna Love,breannalove206374@slingacademy.com,,female,26,Web Developer,2,8000,Product,System Engineer
208,Elijah Mcguire,elijahmcguire207166@slingacademy.com,,male,28,Web Developer,2,8000,Product,System Engineer
209,Paige Bell,paigebell208379@slingacademy.com,,female,34,Mobile Developer,10,12000,Product,Senior Data Engineer
210,Lauren Logan,laurenlogan209754@slingacademy.com,14497662057,female,29,Web Developer,3,6500,Product,Data Engineer
211,Gary Watson,garywatson210844@slingacademy.com,,male,35,Mobile Developer,12,12000,Product,Lead
212,Andrea Miller,andreamiller211593@slingacademy.com,9021656805,female,38,Web Developer,13,13500,Product,Lead
213,Stephen Anderson,stephenanderson212709@slingacademy.com,7303988945,male,29,Web Developer,6,10000,Product,Senior Data Engineer
214,Erica Montgomery,ericamontgomery213699@slingacademy.com,,female,26,Web Developer,2,8000,Product,System Engineer
215,Mitchell Olson,mitchellolson214954@slingacademy.com,,male,25,Mobile Developer,3,7500,Product,Data Engineer
216,Brenda Leonard,brendaleonard215112@slingacademy.com,,female,23,Mobile Developer,1,7500,Product,System Engineer
217,Sandra Scott,sandrascott216500@slingacademy.com,4206092090,female,28,Web Developer,5,8500,Product,Senior Data Engineer
218,Terry Jackson,terryjackson217122@slingacademy.com,,male,39,Web Developer,14,13000,Product,Lead
219,John Palmer,johnpalmer218164@slingacademy.com,,male,37,Mobile Developer,14,14000,Product,Lead
220,Brenda Tapia,brendatapia219999@slingacademy.com,9897579111,female,37,Web Developer,11,11500,Product,Lead
221,Donald Gordon,donaldgordon220327@slingacademy.com,45082105,male,32,Mobile Developer,6,9000,Product,Senior Data Engineer
222,David Long,davidlong221467@slingacademy.com,956633357,male,33,Mobile Developer,11,11500,Product,Lead
223,Michael Pratt,michaelpratt222638@slingacademy.com,11491396964,male,38,Mobile Developer,12,12000,Product,Lead
224,Jessica West,jessicawest223110@slingacademy.com,,female,32,Mobile Developer,10,12000,Product,Senior Data Engineer
225,David Jennings,davidjennings224703@slingacademy.com,,male,41,Web Developer,15,12500,Product,Lead
226,Alicia Perry,aliciaperry225119@slingacademy.com,3112984100,female,27,Mobile Developer,1,7500,Product,System Engineer
227,Karen Marsh,karenmarsh226577@slingacademy.com,,female,28,Web Developer,3,7500,Product,Data Engineer
228,Richard Holder,richardholder227991@slingacademy.com,,male,35,Web Developer,10,11000,Product,Senior Data Engineer
229,Ryan Ponce,ryanponce228931@slingacademy.com,5497597305,male,33,Mobile Developer,7,9500,Product,Senior Data Engineer
230,Eddie Riley,eddieriley229421@slingacademy.com,19765246785,male,25,Mobile Developer,1,7500,Product,System Engineer
231,Zachary Scott,zacharyscott230288@slingacademy.com,,male,27,Mobile Developer,2,8000,Product,System Engineer
232,Kenneth Nelson,kennethnelson231464@slingacademy.com,,male,32,Mobile Developer,8,10000,Product,Senior Data Engineer
233,Edgar Lane,edgarlane232635@slingacademy.com,5537213761,male,28,Web Developer,6,10000,Product,Senior Data Engineer
234,Jeremy Cox,jeremycox233206@slingacademy.com,,male,31,Web Developer,5,9500,Product,Senior Data Engineer
235,Rhonda Hernandez,rhondahernandez234932@slingacademy.com,7678605296,female,37,Mobile Developer,15,14500,Product,Lead
236,Ashley Gilbert,ashleygilbert235162@slingacademy.com,,female,33,Mobile Developer,9,11500,Product,Senior Data Engineer
237,Shawn Shaw,shawnshaw236298@slingacademy.com,9197635353,male,36,Mobile Developer,13,12500,Product,Lead
238,Ryan Davis,ryandavis237462@slingacademy.com,,male,29,Mobile Developer,3,8500,Product,Data Engineer
239,Kristin Bradley,kristinbradley238626@slingacademy.com,4024572111,female,34,Web Developer,12,11000,Product,Lead
240,Christopher Drake,christopherdrake239403@slingacademy.com,6598578858,male,31,Mobile Developer,9,9500,Product,Senior Data Engineer
241,Justin Clark,justinclark240285@slingacademy.com,,male,30,Web Developer,8,11000,Product,Senior Data Engineer
242,Scott Owens,scottowens241483@slingacademy.com,,male,35,Web Developer,11,12500,Product,Lead
243,Rebecca Nelson,rebeccanelson242256@slingacademy.com,,female,23,Mobile Developer,1,7500,Product,System Engineer
244,Erin Green,eringreen243810@slingacademy.com,,female,23,Web Developer,1,6500,Product,System Engineer
245,Paul Page,paulpage244408@slingacademy.com,,male,26,Mobile Developer,1,5500,Product,System Engineer
246,Jamie Ball,jamieball245345@slingacademy.com,15216080441,female,25,Mobile Developer,3,6500,Product,Data Engineer
247,Sonya Williams,sonyawilliams246780@slingacademy.com,,female,30,Mobile Developer,4,7000,Product,Data Engineer
248,Leslie Burton,leslieburton247488@slingacademy.com,2790960603,female,38,Web Developer,15,12500,Product,Lead
249,Daniel Joseph,danieljoseph248143@slingacademy.com,,male,32,Web Developer,10,10000,Product,Senior Data Engineer
250,Julie Grimes,juliegrimes249118@slingacademy.com,6718255709,female,32,Web Developer,10,11000,Product,Senior Data Engineer
251,Michael Davis,michaeldavis250373@slingacademy.com,,male,29,Mobile Developer,6,10000,Product,Senior Data Engineer
252,Stephen Hoover,stephenhoover251356@slingacademy.com,10124276550,male,29,Mobile Developer,6,8000,Product,Senior Data Engineer
253,Damon Sanders,damonsanders252816@slingacademy.com,176247153,male,31,Web Developer,6,9000,Product,Senior Data Engineer
254,Adam Pratt,adampratt253273@slingacademy.com,8299224683,male,37,Web Developer,14,14000,Product,Lead
255,Jesse Gonzalez,jessegonzalez254731@slingacademy.com,8536919747,male,25,Web Developer,3,8500,Product,Data Engineer
256,Debra Cruz,debracruz255511@slingacademy.com,,female,36,Mobile Developer,13,13500,Product,Lead
257,Gregory Smith,gregorysmith256470@slingacademy.com,,male,31,Mobile Developer,5,7500,Product,Senior Data Engineer
258,Natasha Cook,natashacook257144@slingacademy.com,9755510070,female,35,Web Developer,11,10500,Product,Lead
259,Robert Weber,robertweber258728@slingacademy.com,,male,32,Mobile Developer,7,9500,Product,Senior Data Engineer
260,Carly Thompson,carlythompson259241@slingacademy.com,8501976611,female,27,Web Developer,1,5500,Product,System Engineer
261,Maureen Campbell,maureencampbell260229@slingacademy.com,1684697587,female,29,Mobile Developer,7,9500,Product,Senior Data Engineer
262,Alex Brown,alexbrown261949@slingacademy.com,,male,31,Web Developer,5,9500,Product,Senior Data Engineer
263,Breanna Allen,breannaallen262722@slingacademy.com,,female,38,Mobile Developer,14,12000,Product,Lead
264,Michael Pearson,michaelpearson263989@slingacademy.com,8006107617,male,30,Web Developer,4,7000,Product,Data Engineer
265,Cheryl Lewis,cheryllewis264411@slingacademy.com,8062678045,female,28,Web Developer,6,8000,Product,Senior Data Engineer
266,Megan Brown,meganbrown265895@slingacademy.com,5965511329,female,23,Web Developer,1,6500,Product,System Engineer
267,Linda Haynes,lindahaynes266984@slingacademy.com,,female,29,Mobile Developer,7,8500,Product,Senior Data Engineer
268,Kathy Palmer,kathypalmer267804@slingacademy.com,,female,36,Web Developer,12,11000,Product,Lead
269,Tammy Ball,tammyball268170@slingacademy.com,8439547062,female,23,Mobile Developer,1,5500,Product,System Engineer
270,Samuel Reed,samuelreed269624@slingacademy.com,,male,34,Mobile Developer,8,10000,Product,Senior Data Engineer
271,Erik Page,erikpage270609@slingacademy.com,18592696655,male,32,Web Developer,9,10500,Product,Senior Data Engineer
272,Tristan Price,tristanprice271230@slingacademy.com,13690381224,male,38,Mobile Developer,15,12500,Product,Lead
273,Natalie Skinner,natalieskinner272142@slingacademy.com,,female,34,Mobile Developer,12,12000,Product,Lead
274,Nicole Castro,nicolecastro273516@slingacademy.com,,female,34,Web Developer,9,10500,Product,Senior Data Engineer
275,Natasha Hughes,natashahughes274687@slingacademy.com,,female,28,Mobile Developer,6,9000,Product,Senior Data Engineer
276,Pamela Herrera,pamelaherrera275422@slingacademy.com,,female,32,Web Developer,6,8000,Product,Senior Data Engineer
277,Gary Houston,garyhouston276947@slingacademy.com,,male,25,Mobile Developer,1,6500,Product,System Engineer
278,Peter Johnson,peterjohnson277327@slingacademy.com,,male,27,Mobile Developer,5,7500,Product,Senior Data Engineer
279,April Houston,aprilhouston278122@slingacademy.com,,female,27,Mobile Developer,3,6500,Product,Data Engineer
280,Adam Martinez,adammartinez279637@slingacademy.com,,male,35,Mobile Developer,9,11500,Product,Senior Data Engineer
281,William Peters,williampeters280898@slingacademy.com,,male,30,Web Developer,7,8500,Product,Senior Data Engineer
282,Meagan Henderson,meaganhenderson281151@slingacademy.com,,female,30,Web Developer,8,9000,Product,Senior Data Engineer
283,Charles West,charleswest282127@slingacademy.com,,male,26,Web Developer,2,8000,Product,System Engineer
284,Rebecca Jackson,rebeccajackson283741@slingacademy.com,1123011517,female,27,Mobile Developer,2,8000,Product,System Engineer
285,Alec Maldonado,alecmaldonado284453@slingacademy.com,14840255906,male,33,Mobile Developer,7,9500,Product,Senior Data Engineer
286,Michele Edwards,micheleedwards285969@slingacademy.com,4055420736,female,40,Web Developer,14,12000,Product,Lead
287,John Hall,johnhall286107@slingacademy.com,,male,36,Web Developer,12,13000,Product,Lead
288,Justin Perry,justinperry287419@slingacademy.com,,male,41,Mobile Developer,15,14500,Product,Lead
289,Lauren Norton,laurennorton288284@slingacademy.com,,female,27,Web Developer,3,6500,Product,Data Engineer
290,Omar Soto,omarsoto289950@slingacademy.com,,male,30,Web Developer,5,8500,Product,Senior Data Engineer
291,Michael Howard,michaelhoward290216@slingacademy.com,6585788235,male,39,Web Developer,15,14500,Product,Lead
292,Kathleen Green,kathleengreen291790@slingacademy.com,,female,35,Mobile Developer,9,10500,Product,Senior Data Engineer
293,Kent Thompson,kentthompson292193@slingacademy.com,,male,38,Web Developer,13,11500,Product,Lead
294,Benjamin Wilson,benjaminwilson293449@slingacademy.com,,male,24,Mobile Developer,1,5500,Product,System Engineer
295,Steven Vaughn,stevenvaughn294759@slingacademy.com,,male,32,Mobile Developer,10,11000,Product,Senior Data Engineer
296,Michael Tyler,michaeltyler295487@slingacademy.com,7853522310,male,33,Web Developer,11,10500,Product,Lead
297,Richard Lin,richardlin296285@slingacademy.com,4718296568,male,28,Web Developer,6,10000,Product,Senior Data Engineer
298,Jennifer Williams,jenniferwilliams297896@slingacademy.com,,female,37,Web Developer,13,12500,Product,Lead
299,Shelley Hubbard,shelleyhubbard298845@slingacademy.com,,female,30,Web Developer,7,8500,Product,Senior Data Engineer
300,Sean Choi,seanchoi299793@slingacademy.com,,male,28,Web Developer,2,7000,Product,System Engineer
301,Marie Gross,mariegross300870@slingacademy.com,,female,32,Web Developer,7,8500,Product,Senior Data Engineer
302,Tracy Leon,tracyleon301263@slingacademy.com,,female,32,Web Developer,8,11000,Product,Senior Data Engineer
303,Steven Peterson,stevenpeterson302672@slingacademy.com,,male,35,Web Developer,12,11000,Product,Lead
304,Justin Webster,justinwebster303292@slingacademy.com,19902934626,male,32,Web Developer,8,11000,Product,Senior Data Engineer
305,Courtney Stanley,courtneystanley304326@slingacademy.com,,female,28,Web Developer,4,7000,Product,Data Engineer
306,Walter Crawford,waltercrawford305879@slingacademy.com,4771120518,male,34,Web Developer,12,12000,Product,Lead
307,Danielle Sparks,daniellesparks306675@slingacademy.com,,female,26,Web Developer,2,8000,Product,System Engineer
308,Cheryl Rose,cherylrose307221@slingacademy.com,,female,26,Web Developer,4,7000,Product,Data Engineer
309,Justin Mann,justinmann308432@slingacademy.com,7189983978,male,25,Web Developer,3,7500,Product,Data Engineer
310,Vanessa Carter,vanessacarter309183@slingacademy.com,6208113763,female,26,Web Developer,1,5500,Product,System Engineer
311,Anthony Colon,anthonycolon310698@slingacademy.com,,male,34,Web Developer,12,12000,Product,Lead
312,April Holland,aprilholland311155@slingacademy.com,,female,37,Web Developer,15,14500,Product,Lead
313,Bill Anderson,billanderson312995@slingacademy.com,2027249857,male,39,Web Developer,14,14000,Product,Lead
314,Kelsey Moss,kelseymoss313481@slingacademy.com,2060162029,female,38,Web Developer,14,12000,Product,Lead
315,Maureen Phillips,maureenphillips314243@slingacademy.com,,female,26,Web Developer,2,7000,Product,System Engineer
316,Michelle Hooper,michellehooper315396@slingacademy.com,4010416802,female,29,Web Developer,4,9000,Product,Data Engineer
317,Steven Lewis,stevenlewis316274@slingacademy.com,,male,34,Web Developer,11,11500,Product,Lead
318,Kevin Rodriguez,kevinrodriguez317974@slingacademy.com,,male,29,Web Developer,5,8500,Product,Senior Data Engineer
319,Alexandra Bell,alexandrabell318109@slingacademy.com,,female,39,Web Developer,14,13000,Product,Lead
320,Courtney Mcdaniel,courtneymcdaniel319568@slingacademy.com,,female,28,Web Developer,3,8500,Product,Data Engineer
